Timestamp, Used Memory, Total Memory, Memory Utilization (%)
10/14/2023 2:10:32 AM, 63805192, 258679928, 8
10/14/2023 2:10:42 AM, 63796984, 258678080, 8
10/14/2023 2:10:52 AM, 63796984, 258678080, 8
10/14/2023 2:11:02 AM, 63807040, 258678080, 8
10/14/2023 2:11:12 AM, 63867568, 258607496, 8
10/14/2023 2:11:22 AM, 63877624, 258607496, 8
10/14/2023 2:11:32 AM, 63867344, 258607720, 8
10/14/2023 2:11:42 AM, 63867344, 258607720, 8
10/14/2023 2:11:52 AM, 63796896, 258678168, 8
10/14/2023 2:12:02 AM, 63796808, 258678256, 8
10/14/2023 2:12:12 AM, 63796808, 258678256, 8
10/14/2023 2:12:22 AM, 63796808, 258678256, 8
10/14/2023 2:12:32 AM, 63796808, 258678256, 8
10/14/2023 2:12:42 AM, 63796808, 258678256, 8
10/14/2023 2:12:52 AM, 63796760, 258678304, 8
10/14/2023 2:13:02 AM, 63796760, 258678304, 8
10/14/2023 2:13:12 AM, 63796760, 258678304, 8
10/14/2023 2:13:22 AM, 63796760, 258678304, 8
10/14/2023 2:13:32 AM, 63796760, 258678304, 8
10/14/2023 2:46:37 AM, 63807248, 258677872, 8
10/14/2023 2:46:47 AM, 63807040, 258678080, 8
10/14/2023 2:46:57 AM, 63796984, 258678080, 8
10/14/2023 2:47:07 AM, 63807040, 258678080, 8
10/14/2023 2:47:17 AM, 63807040, 258678080, 8
10/14/2023 2:47:27 AM, 63796984, 258678080, 8
10/14/2023 2:47:37 AM, 63807040, 258678080, 8
10/14/2023 2:47:47 AM, 63877632, 258607488, 8
10/14/2023 2:47:57 AM, 63796760, 258678304, 8
10/14/2023 2:48:07 AM, 63792560, 258682504, 8
10/14/2023 2:48:17 AM, 63792560, 258682504, 8
10/14/2023 2:48:27 AM, 63792560, 258682504, 8
10/14/2023 2:48:39 AM, 63803048, 258682072, 8
10/14/2023 2:48:49 AM, 63792784, 258682280, 8
10/14/2023 2:48:59 AM, 63792600, 258682464, 8
10/14/2023 2:49:09 AM, 63792600, 258682464, 8
10/14/2023 2:49:19 AM, 63792560, 258682504, 8
10/14/2023 2:49:29 AM, 63792560, 258682504, 8
10/14/2023 2:49:39 AM, 63792560, 258682504, 8
10/14/2023 2:49:51 AM, 63792600, 258682464, 8
10/14/2023 2:50:01 AM, 63802840, 258682280, 8
10/14/2023 2:50:11 AM, 63792784, 258682280, 8
10/14/2023 2:50:21 AM, 63802840, 258682280, 8
10/14/2023 2:50:31 AM, 63802840, 258682280, 8
10/14/2023 2:50:41 AM, 63802840, 258682280, 8
10/14/2023 2:50:51 AM, 63792784, 258682280, 8
10/14/2023 2:51:01 AM, 63802840, 258682280, 8
10/14/2023 2:51:11 AM, 63792784, 258682280, 8
10/14/2023 2:51:22 AM, 63792784, 258682280, 8
10/14/2023 2:51:32 AM, 63792784, 258682280, 8
10/14/2023 2:51:42 AM, 63802840, 258682280, 8
10/14/2023 2:51:52 AM, 63802840, 258682280, 8
10/14/2023 2:52:02 AM, 63802840, 258682280, 8
10/14/2023 2:52:12 AM, 63792784, 258682280, 8
10/14/2023 2:52:22 AM, 63802840, 258682280, 8
10/14/2023 2:53:29 AM, 63792600, 258682464, 8
10/14/2023 2:53:39 AM, 63792784, 258682280, 8
10/14/2023 2:53:49 AM, 63802840, 258682280, 8
10/14/2023 2:53:59 AM, 63802840, 258682280, 8
10/14/2023 2:54:09 AM, 63802840, 258682280, 8
10/14/2023 2:54:19 AM, 63792784, 258682280, 8
10/14/2023 2:54:29 AM, 63802840, 258682280, 8
10/14/2023 2:54:39 AM, 63802840, 258682280, 8
10/14/2023 2:54:49 AM, 63802840, 258682280, 8
10/14/2023 2:54:59 AM, 63802840, 258682280, 8
10/14/2023 2:55:09 AM, 63792784, 258682280, 8
10/14/2023 2:55:19 AM, 63802840, 258682280, 8
10/14/2023 2:55:29 AM, 63792784, 258682280, 8
10/14/2023 2:55:39 AM, 63802840, 258682280, 8
10/14/2023 2:55:45 AM, 63792600, 258682464, 8
10/14/2023 2:55:55 AM, 63802840, 258682280, 8
10/14/2023 2:56:05 AM, 63792784, 258682280, 8
10/14/2023 2:56:15 AM, 63802840, 258682280, 8
10/14/2023 2:56:25 AM, 63802840, 258682280, 8
10/14/2023 2:56:35 AM, 63802840, 258682280, 8
10/14/2023 2:56:45 AM, 63802840, 258682280, 8
10/14/2023 2:57:23 AM, 63803048, 258682072, 8
10/14/2023 2:57:33 AM, 63802840, 258682280, 8
10/14/2023 2:57:43 AM, 63802840, 258682280, 8
10/14/2023 2:57:53 AM, 63802840, 258682280, 8
10/14/2023 2:58:03 AM, 63792784, 258682280, 8
10/14/2023 2:58:13 AM, 63802840, 258682280, 8
10/14/2023 2:58:23 AM, 63802840, 258682280, 8
10/14/2023 2:58:33 AM, 63802840, 258682280, 8
10/14/2023 2:58:43 AM, 63802840, 258682280, 8
10/14/2023 2:58:53 AM, 63792784, 258682280, 8
10/14/2023 2:59:03 AM, 63792784, 258682280, 8
10/14/2023 2:59:13 AM, 63802840, 258682280, 8
10/14/2023 2:59:23 AM, 63802840, 258682280, 8
10/14/2023 2:59:33 AM, 63792784, 258682280, 8
10/14/2023 2:59:43 AM, 63802840, 258682280, 8
10/14/2023 2:59:53 AM, 63802840, 258682280, 8
10/14/2023 3:00:03 AM, 63802840, 258682280, 8
10/14/2023 3:00:13 AM, 63802840, 258682280, 8
10/14/2023 3:00:23 AM, 63802840, 258682280, 8
10/14/2023 3:00:33 AM, 63792784, 258682280, 8
10/14/2023 3:00:43 AM, 63802840, 258682280, 8
10/14/2023 3:00:53 AM, 63802840, 258682280, 8
10/14/2023 3:01:03 AM, 63792784, 258682280, 8
10/14/2023 3:01:13 AM, 63802840, 258682280, 8
10/14/2023 3:01:23 AM, 63792784, 258682280, 8
10/14/2023 3:01:33 AM, 63792784, 258682280, 8
10/14/2023 3:01:43 AM, 63802840, 258682280, 8
10/14/2023 3:01:53 AM, 63792784, 258682280, 8
10/14/2023 3:02:03 AM, 63792784, 258682280, 8
10/14/2023 3:02:13 AM, 63802840, 258682280, 8
10/14/2023 3:02:23 AM, 63802840, 258682280, 8
10/14/2023 3:02:33 AM, 63792784, 258682280, 8
10/14/2023 3:02:43 AM, 63792784, 258682280, 8
10/14/2023 3:02:53 AM, 63792784, 258682280, 8
10/14/2023 3:03:03 AM, 63802840, 258682280, 8
10/14/2023 3:03:13 AM, 63802840, 258682280, 8
10/14/2023 3:03:23 AM, 63792784, 258682280, 8
10/14/2023 3:03:33 AM, 63792560, 258682504, 8
10/14/2023 3:03:43 AM, 63792560, 258682504, 8
10/14/2023 3:03:53 AM, 63792560, 258682504, 8
10/14/2023 3:04:03 AM, 63792560, 258682504, 8
10/14/2023 3:04:13 AM, 63792560, 258682504, 8
10/14/2023 3:04:23 AM, 63792560, 258682504, 8
10/14/2023 3:04:33 AM, 63792560, 258682504, 8
10/14/2023 3:04:43 AM, 63792560, 258682504, 8
10/14/2023 3:04:53 AM, 63792560, 258682504, 8
10/14/2023 3:05:03 AM, 63792560, 258682504, 8
10/14/2023 3:05:13 AM, 63792560, 258682504, 8
10/14/2023 3:05:23 AM, 63792560, 258682504, 8
10/14/2023 3:05:33 AM, 63792560, 258682504, 8
10/14/2023 3:05:43 AM, 63792560, 258682504, 8
10/14/2023 3:05:53 AM, 63792560, 258682504, 8
10/14/2023 3:06:03 AM, 63792560, 258682504, 8
10/14/2023 3:06:13 AM, 63792560, 258682504, 8
10/14/2023 3:06:23 AM, 63792560, 258682504, 8
10/14/2023 3:06:33 AM, 63792560, 258682504, 8
10/14/2023 3:06:44 AM, 63792600, 258682464, 8
10/14/2023 3:06:54 AM, 63792600, 258682464, 8
10/14/2023 3:07:04 AM, 63792600, 258682464, 8
10/14/2023 3:07:14 AM, 63792600, 258682464, 8
10/14/2023 3:07:24 AM, 63792560, 258682504, 8
10/14/2023 3:07:34 AM, 63792560, 258682504, 8
10/14/2023 3:07:44 AM, 63792560, 258682504, 8
10/14/2023 3:07:54 AM, 63792784, 258682280, 8
10/14/2023 3:08:04 AM, 63792784, 258682280, 8
10/14/2023 3:08:14 AM, 63802840, 258682280, 8
10/14/2023 3:08:24 AM, 63802840, 258682280, 8
10/14/2023 3:08:34 AM, 63792784, 258682280, 8
10/14/2023 3:08:44 AM, 63802840, 258682280, 8
10/14/2023 3:08:54 AM, 63792784, 258682280, 8
10/14/2023 3:09:04 AM, 63792784, 258682280, 8
10/14/2023 3:09:14 AM, 63802840, 258682280, 8
10/14/2023 3:09:24 AM, 63802840, 258682280, 8
10/14/2023 3:09:34 AM, 63792560, 258682504, 8
10/14/2023 3:09:44 AM, 63792560, 258682504, 8
10/14/2023 3:09:54 AM, 63792560, 258682504, 8
10/14/2023 3:10:04 AM, 63792560, 258682504, 8
10/14/2023 3:10:14 AM, 63792560, 258682504, 8
10/14/2023 3:10:24 AM, 63792560, 258682504, 8
10/14/2023 3:10:34 AM, 63792560, 258682504, 8
10/14/2023 3:10:44 AM, 63792600, 258682464, 8
10/14/2023 3:10:54 AM, 63792600, 258682464, 8
10/14/2023 3:11:04 AM, 63792600, 258682464, 8
10/14/2023 3:11:14 AM, 63792560, 258682504, 8
10/14/2023 3:11:24 AM, 63792560, 258682504, 8
10/14/2023 3:11:34 AM, 63792560, 258682504, 8
10/14/2023 3:11:44 AM, 63792560, 258682504, 8
10/14/2023 3:11:54 AM, 63792560, 258682504, 8
10/14/2023 3:12:04 AM, 63792560, 258682504, 8
10/14/2023 3:12:14 AM, 63792560, 258682504, 8
10/14/2023 3:12:24 AM, 63792560, 258682504, 8
10/14/2023 3:12:34 AM, 63792560, 258682504, 8
10/14/2023 3:12:44 AM, 63792560, 258682504, 8
10/14/2023 3:12:54 AM, 63792600, 258682464, 8
10/14/2023 3:13:04 AM, 63792600, 258682464, 8
10/14/2023 3:13:14 AM, 63792600, 258682464, 8
10/14/2023 3:13:24 AM, 63792600, 258682464, 8
10/14/2023 3:13:34 AM, 63792560, 258682504, 8
10/14/2023 3:13:44 AM, 63792560, 258682504, 8
10/14/2023 3:13:54 AM, 63792560, 258682504, 8
10/14/2023 3:14:04 AM, 63792560, 258682504, 8
10/14/2023 3:14:14 AM, 63792560, 258682504, 8
10/14/2023 3:14:24 AM, 63792560, 258682504, 8
10/14/2023 3:14:34 AM, 63792560, 258682504, 8
10/14/2023 3:14:44 AM, 63792560, 258682504, 8
10/14/2023 3:14:54 AM, 63792560, 258682504, 8
10/14/2023 3:15:04 AM, 63792560, 258682504, 8
10/14/2023 3:15:14 AM, 63792600, 258682464, 8
10/14/2023 3:15:24 AM, 63792600, 258682464, 8
10/14/2023 3:15:34 AM, 63792600, 258682464, 8
10/14/2023 3:15:44 AM, 63792560, 258682504, 8
10/14/2023 3:15:54 AM, 63792560, 258682504, 8
10/14/2023 3:16:04 AM, 63792560, 258682504, 8
10/14/2023 3:16:14 AM, 63792560, 258682504, 8
10/14/2023 3:16:24 AM, 63792560, 258682504, 8
10/14/2023 3:16:34 AM, 63792560, 258682504, 8
10/14/2023 3:16:44 AM, 63792600, 258682464, 8
10/14/2023 3:16:54 AM, 63792600, 258682464, 8
10/14/2023 3:17:04 AM, 63792600, 258682464, 8
10/14/2023 3:17:14 AM, 63792600, 258682464, 8
10/14/2023 3:17:24 AM, 63792560, 258682504, 8
10/14/2023 3:17:34 AM, 63792560, 258682504, 8
10/14/2023 3:17:44 AM, 63792560, 258682504, 8
10/14/2023 3:17:54 AM, 63792560, 258682504, 8
10/14/2023 3:18:04 AM, 63792560, 258682504, 8
10/14/2023 3:18:14 AM, 63792560, 258682504, 8
10/14/2023 3:18:25 AM, 63792560, 258682504, 8
10/14/2023 3:18:35 AM, 63792560, 258682504, 8
10/14/2023 3:18:45 AM, 63792560, 258682504, 8
10/14/2023 3:18:55 AM, 63792560, 258682504, 8
10/14/2023 3:19:05 AM, 63792600, 258682464, 8
10/14/2023 3:19:15 AM, 63792600, 258682464, 8
10/14/2023 3:19:25 AM, 63792600, 258682464, 8
10/14/2023 3:19:35 AM, 63792560, 258682504, 8
10/14/2023 3:19:45 AM, 63792560, 258682504, 8
10/14/2023 3:19:55 AM, 63792560, 258682504, 8
10/14/2023 3:20:05 AM, 63792560, 258682504, 8
10/14/2023 3:20:15 AM, 63792560, 258682504, 8
10/14/2023 3:20:25 AM, 63792560, 258682504, 8
10/14/2023 3:20:35 AM, 63792560, 258682504, 8
10/14/2023 3:20:45 AM, 63792560, 258682504, 8
10/14/2023 3:20:55 AM, 63792560, 258682504, 8
10/14/2023 3:21:05 AM, 63792560, 258682504, 8
10/14/2023 3:21:15 AM, 63792600, 258682464, 8
10/14/2023 3:21:25 AM, 63792600, 258682464, 8
10/14/2023 3:21:35 AM, 63792600, 258682464, 8
10/14/2023 3:21:45 AM, 63792560, 258682504, 8
10/14/2023 3:21:55 AM, 63792560, 258682504, 8
10/14/2023 3:22:05 AM, 63792560, 258682504, 8
10/14/2023 3:22:15 AM, 63792560, 258682504, 8
10/14/2023 3:22:25 AM, 63792560, 258682504, 8
10/14/2023 3:22:35 AM, 63792560, 258682504, 8
10/14/2023 3:22:45 AM, 63792560, 258682504, 8
10/14/2023 3:22:55 AM, 63792600, 258682464, 8
10/14/2023 3:23:05 AM, 63792600, 258682464, 8
10/14/2023 3:23:15 AM, 63792600, 258682464, 8
10/14/2023 3:23:25 AM, 63792560, 258682504, 8
10/14/2023 3:23:35 AM, 63792560, 258682504, 8
10/14/2023 3:23:45 AM, 63792560, 258682504, 8
10/14/2023 3:23:55 AM, 63792560, 258682504, 8
10/14/2023 3:24:05 AM, 63792560, 258682504, 8
10/14/2023 3:24:15 AM, 63792560, 258682504, 8
10/14/2023 3:24:25 AM, 63792560, 258682504, 8
10/14/2023 3:24:35 AM, 63792560, 258682504, 8
10/14/2023 3:24:45 AM, 63792560, 258682504, 8
10/14/2023 3:24:55 AM, 63792560, 258682504, 8
10/14/2023 3:25:05 AM, 63792600, 258682464, 8
10/14/2023 3:25:15 AM, 63792600, 258682464, 8
10/14/2023 3:25:25 AM, 63792600, 258682464, 8
10/14/2023 3:25:35 AM, 63792560, 258682504, 8
10/14/2023 3:25:45 AM, 63792560, 258682504, 8
10/14/2023 3:25:55 AM, 63792560, 258682504, 8
10/14/2023 3:26:05 AM, 63792560, 258682504, 8
10/14/2023 3:26:15 AM, 63792560, 258682504, 8
10/14/2023 3:26:25 AM, 63792560, 258682504, 8
10/14/2023 3:26:35 AM, 63792560, 258682504, 8
10/14/2023 3:26:45 AM, 63792560, 258682504, 8
10/14/2023 3:26:55 AM, 63792560, 258682504, 8
10/14/2023 3:27:05 AM, 63792560, 258682504, 8
10/14/2023 3:27:15 AM, 63792600, 258682464, 8
10/14/2023 3:27:25 AM, 63792600, 258682464, 8
10/14/2023 3:27:35 AM, 63792600, 258682464, 8
10/14/2023 3:27:45 AM, 63792560, 258682504, 8
10/14/2023 3:27:55 AM, 63792560, 258682504, 8
10/14/2023 3:28:05 AM, 63792560, 258682504, 8
10/14/2023 3:28:15 AM, 63792560, 258682504, 8
10/14/2023 3:28:25 AM, 63792560, 258682504, 8
10/14/2023 3:28:35 AM, 63792560, 258682504, 8
10/14/2023 3:28:45 AM, 63792560, 258682504, 8
10/14/2023 3:28:55 AM, 63792600, 258682464, 8
10/14/2023 3:29:05 AM, 63792600, 258682464, 8
10/14/2023 3:29:15 AM, 63792600, 258682464, 8
10/14/2023 3:29:25 AM, 63792560, 258682504, 8
10/14/2023 3:29:35 AM, 63792560, 258682504, 8
10/14/2023 3:29:45 AM, 63792560, 258682504, 8
10/14/2023 3:29:55 AM, 63792560, 258682504, 8
10/14/2023 3:30:05 AM, 63792560, 258682504, 8
10/14/2023 3:30:15 AM, 63792560, 258682504, 8
10/14/2023 3:30:25 AM, 63792560, 258682504, 8
10/14/2023 3:30:36 AM, 63792560, 258682504, 8
10/14/2023 3:30:46 AM, 63792560, 258682504, 8
10/14/2023 3:30:56 AM, 63792560, 258682504, 8
10/14/2023 3:31:06 AM, 63792600, 258682464, 8
10/14/2023 3:31:16 AM, 63792600, 258682464, 8
10/14/2023 3:31:26 AM, 63792600, 258682464, 8
10/14/2023 3:31:36 AM, 63792560, 258682504, 8
10/14/2023 3:31:46 AM, 63792560, 258682504, 8
10/14/2023 3:31:56 AM, 63792560, 258682504, 8
10/14/2023 3:32:06 AM, 63792560, 258682504, 8
10/14/2023 3:32:16 AM, 63792560, 258682504, 8
10/14/2023 3:32:26 AM, 63792560, 258682504, 8
10/14/2023 3:32:36 AM, 63792560, 258682504, 8
10/14/2023 3:32:46 AM, 63792560, 258682504, 8
10/14/2023 3:32:56 AM, 63792560, 258682504, 8
10/14/2023 3:33:06 AM, 63792560, 258682504, 8
10/14/2023 3:33:16 AM, 63792600, 258682464, 8
10/14/2023 3:33:26 AM, 63792600, 258682464, 8
10/14/2023 3:33:36 AM, 63792600, 258682464, 8
10/14/2023 3:33:46 AM, 63792600, 258682464, 8
10/14/2023 3:33:56 AM, 63792560, 258682504, 8
10/14/2023 3:34:06 AM, 63792560, 258682504, 8
10/14/2023 3:34:16 AM, 63792560, 258682504, 8
10/14/2023 3:34:26 AM, 63802840, 258682280, 8
10/14/2023 3:34:36 AM, 63792784, 258682280, 8
10/14/2023 3:34:46 AM, 63802840, 258682280, 8
10/14/2023 3:34:56 AM, 63802840, 258682280, 8
10/14/2023 3:35:06 AM, 63802840, 258682280, 8
10/14/2023 3:35:16 AM, 63792784, 258682280, 8
10/14/2023 3:35:26 AM, 63802840, 258682280, 8
10/14/2023 3:35:36 AM, 63802840, 258682280, 8
10/14/2023 3:35:46 AM, 63802840, 258682280, 8
10/14/2023 3:35:56 AM, 63802840, 258682280, 8
10/14/2023 3:36:06 AM, 63802840, 258682280, 8
10/14/2023 3:36:16 AM, 63802840, 258682280, 8
10/14/2023 3:36:26 AM, 63792784, 258682280, 8
10/14/2023 3:36:36 AM, 63792784, 258682280, 8
10/14/2023 3:36:46 AM, 63802840, 258682280, 8
10/14/2023 3:36:56 AM, 63792784, 258682280, 8
10/14/2023 3:37:06 AM, 63802840, 258682280, 8
10/14/2023 3:37:16 AM, 63802840, 258682280, 8
10/14/2023 3:37:26 AM, 63802840, 258682280, 8
10/14/2023 3:37:36 AM, 63802840, 258682280, 8
10/14/2023 3:37:46 AM, 63802840, 258682280, 8
10/14/2023 3:37:56 AM, 63792784, 258682280, 8
10/14/2023 3:38:06 AM, 63802840, 258682280, 8
10/14/2023 3:38:16 AM, 63792784, 258682280, 8
10/14/2023 3:38:26 AM, 63792784, 258682280, 8
10/14/2023 3:38:36 AM, 63802840, 258682280, 8
10/14/2023 3:38:46 AM, 63792784, 258682280, 8
10/14/2023 3:38:56 AM, 63792784, 258682280, 8
10/14/2023 3:39:06 AM, 63792784, 258682280, 8
10/14/2023 3:39:16 AM, 63802840, 258682280, 8
10/14/2023 3:39:26 AM, 63802840, 258682280, 8
10/14/2023 3:39:36 AM, 63792784, 258682280, 8
10/14/2023 3:39:46 AM, 63802840, 258682280, 8
10/14/2023 3:39:56 AM, 63792784, 258682280, 8
10/14/2023 3:40:06 AM, 63802840, 258682280, 8
10/14/2023 3:40:16 AM, 63802840, 258682280, 8
10/14/2023 3:40:26 AM, 63792784, 258682280, 8
10/14/2023 3:40:36 AM, 63792784, 258682280, 8
10/14/2023 3:40:46 AM, 63802840, 258682280, 8
10/14/2023 3:40:56 AM, 63792784, 258682280, 8
10/14/2023 3:41:06 AM, 63802840, 258682280, 8
10/14/2023 3:41:16 AM, 63792784, 258682280, 8
10/14/2023 3:41:26 AM, 63792784, 258682280, 8
10/14/2023 3:41:36 AM, 63792784, 258682280, 8
10/14/2023 3:41:46 AM, 63802840, 258682280, 8
10/14/2023 3:41:56 AM, 63802840, 258682280, 8
10/14/2023 3:42:06 AM, 63792560, 258682504, 8
10/14/2023 3:42:16 AM, 63792560, 258682504, 8
10/14/2023 3:42:26 AM, 63792560, 258682504, 8
10/14/2023 3:42:36 AM, 63792784, 258682280, 8
10/14/2023 3:42:46 AM, 63802840, 258682280, 8
10/14/2023 3:42:56 AM, 63792784, 258682280, 8
10/14/2023 3:43:06 AM, 63802840, 258682280, 8
10/14/2023 3:43:16 AM, 63802840, 258682280, 8
10/14/2023 3:43:27 AM, 63792784, 258682280, 8
10/14/2023 3:43:37 AM, 63792784, 258682280, 8
10/14/2023 3:43:47 AM, 63802840, 258682280, 8
10/14/2023 3:43:57 AM, 63802840, 258682280, 8
10/14/2023 3:44:07 AM, 63792784, 258682280, 8
10/14/2023 3:44:17 AM, 63802840, 258682280, 8
10/14/2023 3:44:27 AM, 63792784, 258682280, 8
10/14/2023 3:44:37 AM, 63792784, 258682280, 8
10/14/2023 3:44:47 AM, 63792784, 258682280, 8
10/14/2023 3:44:57 AM, 63802840, 258682280, 8
10/14/2023 3:45:07 AM, 63792784, 258682280, 8
10/14/2023 3:45:17 AM, 63802840, 258682280, 8
10/14/2023 3:45:27 AM, 63802840, 258682280, 8
10/14/2023 3:45:37 AM, 63792784, 258682280, 8
10/14/2023 3:45:47 AM, 63802840, 258682280, 8
10/14/2023 3:45:57 AM, 63802840, 258682280, 8
10/14/2023 3:46:07 AM, 63802840, 258682280, 8
10/14/2023 3:46:17 AM, 63802840, 258682280, 8
10/14/2023 3:46:27 AM, 63802840, 258682280, 8
10/14/2023 3:46:37 AM, 63792784, 258682280, 8
10/14/2023 3:46:47 AM, 63802840, 258682280, 8
10/14/2023 3:46:57 AM, 63792784, 258682280, 8
10/14/2023 3:47:07 AM, 63802840, 258682280, 8
10/14/2023 3:47:17 AM, 63802840, 258682280, 8
10/14/2023 3:47:27 AM, 63802840, 258682280, 8
10/14/2023 3:47:37 AM, 63792784, 258682280, 8
10/14/2023 3:47:47 AM, 63802840, 258682280, 8
10/14/2023 3:47:57 AM, 63802840, 258682280, 8
10/14/2023 3:48:07 AM, 63802840, 258682280, 8
10/14/2023 3:48:17 AM, 63802840, 258682280, 8
10/14/2023 3:48:27 AM, 63802840, 258682280, 8
10/14/2023 3:48:37 AM, 63802840, 258682280, 8
10/14/2023 3:48:47 AM, 63802840, 258682280, 8
10/14/2023 3:48:57 AM, 63802840, 258682280, 8
10/14/2023 3:49:07 AM, 63802840, 258682280, 8
10/14/2023 3:49:17 AM, 63802840, 258682280, 8
10/14/2023 3:49:27 AM, 63792784, 258682280, 8
10/14/2023 3:49:37 AM, 63802840, 258682280, 8
10/14/2023 3:49:47 AM, 63792784, 258682280, 8
10/14/2023 3:49:57 AM, 63792784, 258682280, 8
10/14/2023 3:50:07 AM, 63792784, 258682280, 8
10/14/2023 3:50:17 AM, 63792784, 258682280, 8
10/14/2023 3:50:27 AM, 63792784, 258682280, 8
10/14/2023 3:50:37 AM, 63802840, 258682280, 8
10/14/2023 3:50:47 AM, 63792784, 258682280, 8
10/14/2023 3:50:57 AM, 63792784, 258682280, 8
10/14/2023 3:51:07 AM, 63802840, 258682280, 8
10/14/2023 3:51:17 AM, 63802840, 258682280, 8
10/14/2023 3:51:27 AM, 63792784, 258682280, 8
10/14/2023 3:51:37 AM, 63802840, 258682280, 8
10/14/2023 3:51:47 AM, 63792784, 258682280, 8
10/14/2023 3:51:57 AM, 63792784, 258682280, 8
10/14/2023 3:52:07 AM, 63792784, 258682280, 8
10/14/2023 3:52:17 AM, 63792784, 258682280, 8
10/14/2023 3:52:27 AM, 63792784, 258682280, 8
10/14/2023 3:52:37 AM, 63792784, 258682280, 8
10/14/2023 3:52:47 AM, 63802840, 258682280, 8
10/14/2023 3:52:57 AM, 63802840, 258682280, 8
10/14/2023 3:53:07 AM, 63792784, 258682280, 8
10/14/2023 3:53:17 AM, 63802840, 258682280, 8
10/14/2023 3:53:27 AM, 63792784, 258682280, 8
10/14/2023 3:53:37 AM, 63792784, 258682280, 8
10/14/2023 3:53:47 AM, 63802840, 258682280, 8
10/14/2023 3:53:57 AM, 63802840, 258682280, 8
10/14/2023 3:54:07 AM, 63792560, 258682504, 8
10/14/2023 3:54:17 AM, 63792560, 258682504, 8
10/14/2023 3:54:27 AM, 63792560, 258682504, 8
10/14/2023 3:54:37 AM, 63792560, 258682504, 8
10/14/2023 3:54:47 AM, 63792560, 258682504, 8
10/14/2023 3:54:58 AM, 63792560, 258682504, 8
10/14/2023 3:55:08 AM, 63792560, 258682504, 8
10/14/2023 3:55:18 AM, 63792600, 258682464, 8
10/14/2023 3:55:28 AM, 63792600, 258682464, 8
10/14/2023 3:55:38 AM, 63792600, 258682464, 8
10/14/2023 3:55:48 AM, 63792560, 258682504, 8
10/14/2023 3:55:58 AM, 63792560, 258682504, 8
10/14/2023 3:56:08 AM, 63792560, 258682504, 8
10/14/2023 3:56:18 AM, 63792560, 258682504, 8
10/14/2023 3:56:28 AM, 63792560, 258682504, 8
10/14/2023 3:56:38 AM, 63792560, 258682504, 8
10/14/2023 3:56:48 AM, 63792560, 258682504, 8
10/14/2023 3:56:58 AM, 63792560, 258682504, 8
10/14/2023 3:57:08 AM, 63792560, 258682504, 8
10/14/2023 3:57:18 AM, 63792560, 258682504, 8
10/14/2023 3:57:28 AM, 63792600, 258682464, 8
10/14/2023 3:57:38 AM, 63792600, 258682464, 8
10/14/2023 3:57:48 AM, 63792600, 258682464, 8
10/14/2023 3:57:58 AM, 63792560, 258682504, 8
10/14/2023 3:58:08 AM, 63792560, 258682504, 8
10/14/2023 3:58:18 AM, 63792560, 258682504, 8
10/14/2023 3:58:28 AM, 63792560, 258682504, 8
10/14/2023 3:58:38 AM, 63792560, 258682504, 8
10/14/2023 3:58:48 AM, 63792560, 258682504, 8
10/14/2023 3:58:58 AM, 63792560, 258682504, 8
10/14/2023 3:59:08 AM, 63792600, 258682464, 8
10/14/2023 3:59:18 AM, 63792600, 258682464, 8
10/14/2023 3:59:28 AM, 63792600, 258682464, 8
10/14/2023 3:59:38 AM, 63792560, 258682504, 8
10/14/2023 3:59:48 AM, 63792560, 258682504, 8
10/14/2023 3:59:58 AM, 63792560, 258682504, 8
10/14/2023 4:00:08 AM, 63792560, 258682504, 8
10/14/2023 4:00:18 AM, 63792560, 258682504, 8
10/14/2023 4:00:28 AM, 63792560, 258682504, 8
10/14/2023 4:00:38 AM, 63792560, 258682504, 8
10/14/2023 4:00:48 AM, 63792560, 258682504, 8
10/14/2023 4:00:58 AM, 63792560, 258682504, 8
10/14/2023 4:01:08 AM, 63792560, 258682504, 8
10/14/2023 4:01:18 AM, 63792600, 258682464, 8
10/14/2023 4:01:28 AM, 63792600, 258682464, 8
10/14/2023 4:01:38 AM, 63792600, 258682464, 8
10/14/2023 4:01:48 AM, 63792560, 258682504, 8
10/14/2023 4:01:58 AM, 63792560, 258682504, 8
10/14/2023 4:02:08 AM, 63792560, 258682504, 8
10/14/2023 4:02:18 AM, 63792560, 258682504, 8
10/14/2023 4:02:28 AM, 63792560, 258682504, 8
10/14/2023 4:02:38 AM, 63792560, 258682504, 8
10/14/2023 4:02:48 AM, 63792560, 258682504, 8
10/14/2023 4:02:58 AM, 63792560, 258682504, 8
10/14/2023 4:03:08 AM, 63792560, 258682504, 8
10/14/2023 4:03:18 AM, 63792560, 258682504, 8
10/14/2023 4:03:28 AM, 63792600, 258682464, 8
10/14/2023 4:03:38 AM, 63792600, 258682464, 8
10/14/2023 4:03:48 AM, 63792600, 258682464, 8
10/14/2023 4:03:58 AM, 63792560, 258682504, 8
10/14/2023 4:04:08 AM, 63792560, 258682504, 8
10/14/2023 4:04:18 AM, 63792560, 258682504, 8
10/14/2023 4:04:28 AM, 63792560, 258682504, 8
10/14/2023 4:04:38 AM, 63792560, 258682504, 8
10/14/2023 4:04:48 AM, 63792560, 258682504, 8
10/14/2023 4:04:58 AM, 63792560, 258682504, 8
10/14/2023 4:05:08 AM, 63792600, 258682464, 8
10/14/2023 4:05:18 AM, 63792600, 258682464, 8
10/14/2023 4:05:28 AM, 63792600, 258682464, 8
10/14/2023 4:05:38 AM, 63792560, 258682504, 8
10/14/2023 4:05:48 AM, 63792560, 258682504, 8
10/14/2023 4:05:58 AM, 63792560, 258682504, 8
10/14/2023 4:06:08 AM, 63792560, 258682504, 8
10/14/2023 4:06:18 AM, 63792560, 258682504, 8
10/14/2023 4:06:28 AM, 63792560, 258682504, 8
10/14/2023 4:06:38 AM, 63792560, 258682504, 8
10/14/2023 4:06:48 AM, 63792560, 258682504, 8
10/14/2023 4:06:58 AM, 63792560, 258682504, 8
10/14/2023 4:07:08 AM, 63792560, 258682504, 8
10/14/2023 4:07:18 AM, 63792600, 258682464, 8
10/14/2023 4:07:28 AM, 63792600, 258682464, 8
10/14/2023 4:07:38 AM, 63792600, 258682464, 8
10/14/2023 4:07:48 AM, 63792560, 258682504, 8
10/14/2023 4:07:58 AM, 63792560, 258682504, 8
10/14/2023 4:08:08 AM, 63792560, 258682504, 8
10/14/2023 4:08:19 AM, 63792560, 258682504, 8
10/14/2023 4:08:29 AM, 63792560, 258682504, 8
10/14/2023 4:08:39 AM, 63792560, 258682504, 8
10/14/2023 4:08:49 AM, 63792560, 258682504, 8
10/14/2023 4:08:59 AM, 63792560, 258682504, 8
10/14/2023 4:09:09 AM, 63792560, 258682504, 8
10/14/2023 4:09:19 AM, 63792560, 258682504, 8
10/14/2023 4:09:29 AM, 63792600, 258682464, 8
10/14/2023 4:09:39 AM, 63792560, 258682504, 8
10/14/2023 4:09:49 AM, 63792560, 258682504, 8
10/14/2023 4:09:59 AM, 63792560, 258682504, 8
10/14/2023 4:10:09 AM, 63792560, 258682504, 8
10/14/2023 4:10:19 AM, 63792560, 258682504, 8
10/14/2023 4:10:29 AM, 63792560, 258682504, 8
10/14/2023 4:10:39 AM, 63792560, 258682504, 8
10/14/2023 4:10:49 AM, 63792560, 258682504, 8
10/14/2023 4:10:59 AM, 63792560, 258682504, 8
10/14/2023 4:11:09 AM, 63792600, 258682464, 8
10/14/2023 1:45:16 PM, 63792560, 258682504, 8
10/14/2023 1:45:26 PM, 63802840, 258682280, 8
10/14/2023 1:45:36 PM, 63802840, 258682280, 8
10/14/2023 1:45:46 PM, 63792784, 258682280, 8
10/14/2023 1:45:56 PM, 63792784, 258682280, 8
10/14/2023 1:46:06 PM, 63792600, 258682464, 8
10/14/2023 1:46:16 PM, 63792600, 258682464, 8
10/14/2023 1:46:26 PM, 63792600, 258682464, 8
10/14/2023 1:46:36 PM, 63792600, 258682464, 8
10/14/2023 1:46:46 PM, 63792560, 258682504, 8
10/14/2023 1:46:56 PM, 63792560, 258682504, 8
10/14/2023 1:47:06 PM, 63792560, 258682504, 8
10/14/2023 1:47:16 PM, 63802840, 258682280, 8
10/14/2023 1:47:26 PM, 63792600, 258682464, 8
10/14/2023 1:47:36 PM, 63792600, 258682464, 8
10/14/2023 1:47:46 PM, 63792560, 258682504, 8
10/14/2023 1:47:56 PM, 63792560, 258682504, 8
10/14/2023 1:48:06 PM, 63792560, 258682504, 8
10/14/2023 1:48:16 PM, 63792560, 258682504, 8
10/14/2023 1:48:26 PM, 63792560, 258682504, 8
10/14/2023 1:48:36 PM, 63792560, 258682504, 8
10/14/2023 1:48:46 PM, 63792560, 258682504, 8
10/14/2023 1:48:56 PM, 63792560, 258682504, 8
10/14/2023 1:49:06 PM, 63792560, 258682504, 8
10/14/2023 1:49:16 PM, 63792560, 258682504, 8
10/14/2023 1:49:26 PM, 63792560, 258682504, 8
10/14/2023 1:49:36 PM, 63792560, 258682504, 8
10/14/2023 1:49:46 PM, 63792560, 258682504, 8
10/14/2023 1:49:56 PM, 63792560, 258682504, 8
10/14/2023 1:50:06 PM, 63792560, 258682504, 8
10/14/2023 1:50:16 PM, 63792560, 258682504, 8
10/14/2023 1:50:26 PM, 63792560, 258682504, 8
10/14/2023 1:50:36 PM, 63792560, 258682504, 8
10/14/2023 1:50:46 PM, 63792560, 258682504, 8
10/14/2023 1:50:56 PM, 63792560, 258682504, 8
10/14/2023 1:51:06 PM, 63802840, 258682280, 8
10/14/2023 1:51:16 PM, 63802840, 258682280, 8
10/14/2023 1:51:26 PM, 63802840, 258682280, 8
10/14/2023 1:51:36 PM, 63802840, 258682280, 8
10/14/2023 1:51:46 PM, 63792784, 258682280, 8
10/14/2023 1:51:56 PM, 63802840, 258682280, 8
10/14/2023 1:52:06 PM, 63802840, 258682280, 8
10/14/2023 1:52:16 PM, 63802840, 258682280, 8
10/14/2023 1:52:26 PM, 63802840, 258682280, 8
10/14/2023 1:52:36 PM, 63802840, 258682280, 8
10/14/2023 1:52:46 PM, 63802840, 258682280, 8
10/14/2023 1:52:56 PM, 63792784, 258682280, 8
10/14/2023 1:53:06 PM, 63802840, 258682280, 8
10/14/2023 1:53:16 PM, 63792784, 258682280, 8
10/14/2023 1:53:27 PM, 63802840, 258682280, 8
10/14/2023 1:53:37 PM, 63802840, 258682280, 8
10/14/2023 1:53:47 PM, 63792784, 258682280, 8
10/14/2023 1:53:57 PM, 63792784, 258682280, 8
10/14/2023 1:54:07 PM, 63802840, 258682280, 8
10/14/2023 1:54:17 PM, 63792784, 258682280, 8
10/14/2023 1:54:27 PM, 63802840, 258682280, 8
10/14/2023 1:54:37 PM, 63802840, 258682280, 8
10/14/2023 1:54:47 PM, 63802840, 258682280, 8
10/14/2023 1:54:57 PM, 63802840, 258682280, 8
10/14/2023 1:55:07 PM, 63792784, 258682280, 8
10/14/2023 1:55:17 PM, 63802840, 258682280, 8
10/14/2023 1:55:27 PM, 63792784, 258682280, 8
10/14/2023 1:55:37 PM, 63792784, 258682280, 8
10/14/2023 1:55:47 PM, 63802840, 258682280, 8
10/14/2023 1:55:57 PM, 63792784, 258682280, 8
10/14/2023 1:56:07 PM, 63802840, 258682280, 8
10/14/2023 1:56:17 PM, 63792784, 258682280, 8
10/14/2023 1:56:27 PM, 63802840, 258682280, 8
10/14/2023 1:56:37 PM, 63802840, 258682280, 8
10/14/2023 1:56:47 PM, 63792784, 258682280, 8
10/14/2023 1:56:57 PM, 63792784, 258682280, 8
10/14/2023 1:57:07 PM, 63802840, 258682280, 8
10/14/2023 1:57:17 PM, 63792784, 258682280, 8
10/14/2023 1:57:27 PM, 63802840, 258682280, 8
10/14/2023 1:57:37 PM, 63792784, 258682280, 8
10/14/2023 1:57:47 PM, 63792784, 258682280, 8
10/14/2023 1:57:57 PM, 63802840, 258682280, 8
10/14/2023 1:58:07 PM, 63792784, 258682280, 8
10/14/2023 1:58:17 PM, 63802840, 258682280, 8
10/14/2023 1:58:27 PM, 63802840, 258682280, 8
10/14/2023 1:58:37 PM, 63792784, 258682280, 8
10/14/2023 1:58:47 PM, 63802840, 258682280, 8
10/14/2023 1:58:57 PM, 63802840, 258682280, 8
10/14/2023 1:59:07 PM, 63802840, 258682280, 8
10/14/2023 1:59:17 PM, 63792784, 258682280, 8
10/14/2023 1:59:27 PM, 63792784, 258682280, 8
10/14/2023 1:59:37 PM, 63802840, 258682280, 8
10/14/2023 1:59:47 PM, 63792784, 258682280, 8
10/14/2023 1:59:57 PM, 63792784, 258682280, 8
10/14/2023 2:00:07 PM, 63802840, 258682280, 8
10/14/2023 2:00:17 PM, 63802840, 258682280, 8
10/14/2023 2:00:27 PM, 63802840, 258682280, 8
10/14/2023 2:00:37 PM, 63802840, 258682280, 8
10/14/2023 2:00:47 PM, 63802840, 258682280, 8
10/14/2023 2:00:57 PM, 63802840, 258682280, 8
10/14/2023 2:01:07 PM, 63792784, 258682280, 8
10/14/2023 2:01:17 PM, 63802840, 258682280, 8
10/14/2023 2:01:27 PM, 63792784, 258682280, 8
10/14/2023 2:01:37 PM, 63792784, 258682280, 8
10/14/2023 2:01:47 PM, 63792784, 258682280, 8
10/14/2023 2:01:57 PM, 63792784, 258682280, 8
10/14/2023 2:02:07 PM, 63792784, 258682280, 8
10/14/2023 2:02:17 PM, 63802840, 258682280, 8
10/14/2023 2:02:27 PM, 63792784, 258682280, 8
10/14/2023 2:02:37 PM, 63792784, 258682280, 8
10/14/2023 2:02:47 PM, 63802840, 258682280, 8
10/14/2023 2:02:57 PM, 63802840, 258682280, 8
10/14/2023 2:03:07 PM, 63802840, 258682280, 8
10/14/2023 2:03:17 PM, 63802840, 258682280, 8
10/14/2023 2:03:27 PM, 63792784, 258682280, 8
10/14/2023 2:03:37 PM, 63802840, 258682280, 8
10/14/2023 2:03:47 PM, 63802840, 258682280, 8
10/14/2023 2:03:57 PM, 63802840, 258682280, 8
10/14/2023 2:04:07 PM, 63792784, 258682280, 8
10/14/2023 2:04:17 PM, 63802840, 258682280, 8
10/14/2023 2:04:27 PM, 63802840, 258682280, 8
10/14/2023 2:04:38 PM, 63802840, 258682280, 8
10/14/2023 2:04:48 PM, 63792560, 258682504, 8
10/14/2023 2:04:58 PM, 63792560, 258682504, 8
10/14/2023 2:05:08 PM, 63792560, 258682504, 8
10/14/2023 2:05:18 PM, 63792560, 258682504, 8
10/14/2023 2:05:28 PM, 63802840, 258682280, 8
10/14/2023 2:05:38 PM, 63802840, 258682280, 8
10/14/2023 2:05:48 PM, 63792784, 258682280, 8
10/14/2023 2:05:58 PM, 63792784, 258682280, 8
10/14/2023 2:06:08 PM, 63792784, 258682280, 8
10/14/2023 2:06:18 PM, 63802840, 258682280, 8
10/14/2023 2:06:28 PM, 63802840, 258682280, 8
10/14/2023 2:06:38 PM, 63802840, 258682280, 8
10/14/2023 2:06:48 PM, 63802840, 258682280, 8
10/14/2023 2:06:58 PM, 63802840, 258682280, 8
10/14/2023 2:07:08 PM, 63802840, 258682280, 8
10/14/2023 2:07:18 PM, 63792784, 258682280, 8
10/14/2023 2:07:28 PM, 63792784, 258682280, 8
10/14/2023 2:07:38 PM, 63792784, 258682280, 8
10/14/2023 2:07:48 PM, 63792784, 258682280, 8
10/14/2023 2:07:58 PM, 63802840, 258682280, 8
10/14/2023 2:08:08 PM, 63802840, 258682280, 8
10/14/2023 2:08:18 PM, 63792784, 258682280, 8
10/14/2023 2:08:28 PM, 63792784, 258682280, 8
10/14/2023 2:08:38 PM, 63792784, 258682280, 8
10/14/2023 2:08:48 PM, 63792784, 258682280, 8
10/14/2023 2:08:58 PM, 63792784, 258682280, 8
10/14/2023 2:09:08 PM, 63802840, 258682280, 8
10/14/2023 2:09:18 PM, 63802840, 258682280, 8
10/14/2023 2:09:28 PM, 63792784, 258682280, 8
10/14/2023 2:09:38 PM, 63792560, 258682504, 8
10/14/2023 2:09:48 PM, 63792560, 258682504, 8
10/14/2023 2:09:58 PM, 63792600, 258682464, 8
10/14/2023 2:10:08 PM, 63792784, 258682280, 8
10/14/2023 2:10:18 PM, 63792560, 258682504, 8
10/14/2023 2:10:28 PM, 63792560, 258682504, 8
10/14/2023 2:10:38 PM, 63792560, 258682504, 8
10/14/2023 2:10:48 PM, 63792560, 258682504, 8
10/14/2023 2:10:58 PM, 63792560, 258682504, 8
10/14/2023 2:11:08 PM, 63792560, 258682504, 8
10/14/2023 2:11:18 PM, 63792560, 258682504, 8
10/14/2023 2:11:28 PM, 63792560, 258682504, 8
10/14/2023 2:11:38 PM, 63792560, 258682504, 8
10/14/2023 2:11:48 PM, 63792560, 258682504, 8
10/14/2023 2:11:58 PM, 63792560, 258682504, 8
10/14/2023 2:12:08 PM, 63792560, 258682504, 8
10/14/2023 2:12:18 PM, 63792560, 258682504, 8
10/14/2023 2:12:28 PM, 63792560, 258682504, 8
10/14/2023 2:12:38 PM, 63792560, 258682504, 8
10/14/2023 2:12:48 PM, 63792560, 258682504, 8
10/14/2023 2:12:58 PM, 63792560, 258682504, 8
10/14/2023 2:13:08 PM, 63792560, 258682504, 8
10/14/2023 2:13:18 PM, 63792560, 258682504, 8
10/14/2023 2:13:28 PM, 63792560, 258682504, 8
10/14/2023 2:13:38 PM, 63792560, 258682504, 8
10/14/2023 2:13:48 PM, 63792560, 258682504, 8
10/14/2023 2:13:58 PM, 63792560, 258682504, 8
10/14/2023 2:14:08 PM, 63792560, 258682504, 8
10/14/2023 2:14:18 PM, 63792560, 258682504, 8
10/14/2023 2:14:28 PM, 63792560, 258682504, 8
10/14/2023 2:14:38 PM, 63792560, 258682504, 8
10/14/2023 2:14:48 PM, 63792560, 258682504, 8
10/14/2023 2:14:58 PM, 63792560, 258682504, 8
10/14/2023 2:15:08 PM, 63792560, 258682504, 8
10/14/2023 2:15:18 PM, 63792560, 258682504, 8
10/14/2023 2:15:28 PM, 63792560, 258682504, 8
10/14/2023 2:15:38 PM, 63792560, 258682504, 8
10/14/2023 2:15:48 PM, 63792560, 258682504, 8
10/14/2023 2:15:58 PM, 63792560, 258682504, 8
10/14/2023 2:16:08 PM, 63792560, 258682504, 8
10/14/2023 2:16:18 PM, 63792560, 258682504, 8
10/14/2023 2:16:28 PM, 63792560, 258682504, 8
10/14/2023 2:16:38 PM, 63792600, 258682464, 8
10/14/2023 2:16:48 PM, 63792600, 258682464, 8
10/14/2023 2:16:59 PM, 63792600, 258682464, 8
10/14/2023 2:17:09 PM, 63792600, 258682464, 8
10/14/2023 2:17:19 PM, 63792600, 258682464, 8
10/14/2023 2:17:29 PM, 63792600, 258682464, 8
10/14/2023 2:17:39 PM, 63792560, 258682504, 8
10/14/2023 2:17:49 PM, 63792560, 258682504, 8
10/14/2023 2:17:59 PM, 63792560, 258682504, 8
10/14/2023 2:18:09 PM, 63792560, 258682504, 8
10/14/2023 2:18:19 PM, 63792560, 258682504, 8
10/14/2023 2:18:29 PM, 63792560, 258682504, 8
10/14/2023 2:18:39 PM, 63792560, 258682504, 8
10/14/2023 2:18:49 PM, 63792560, 258682504, 8
10/14/2023 2:18:59 PM, 63792560, 258682504, 8
10/14/2023 2:19:09 PM, 63792560, 258682504, 8
10/14/2023 2:19:19 PM, 63792560, 258682504, 8
10/14/2023 2:19:29 PM, 63792560, 258682504, 8
10/14/2023 2:19:39 PM, 63792584, 258682480, 8
10/14/2023 2:19:49 PM, 63792584, 258682480, 8
10/14/2023 2:19:59 PM, 63792584, 258682480, 8
10/14/2023 2:20:09 PM, 63792584, 258682480, 8
10/14/2023 2:20:19 PM, 63792584, 258682480, 8
10/14/2023 2:20:29 PM, 63792584, 258682480, 8
10/14/2023 2:20:39 PM, 63792600, 258682464, 8
10/14/2023 2:20:49 PM, 63792600, 258682464, 8
10/14/2023 2:20:59 PM, 63792600, 258682464, 8
10/14/2023 2:21:09 PM, 63792600, 258682464, 8
10/14/2023 2:21:19 PM, 63792600, 258682464, 8
10/14/2023 2:21:29 PM, 63792600, 258682464, 8
10/14/2023 2:21:39 PM, 63792560, 258682504, 8
10/14/2023 2:21:49 PM, 63792560, 258682504, 8
10/14/2023 2:21:59 PM, 63792560, 258682504, 8
10/14/2023 2:22:09 PM, 63792560, 258682504, 8
10/14/2023 2:22:19 PM, 63792560, 258682504, 8
10/14/2023 2:22:29 PM, 63792560, 258682504, 8
10/14/2023 2:22:39 PM, 63792560, 258682504, 8
10/14/2023 2:22:49 PM, 63792560, 258682504, 8
10/14/2023 2:22:59 PM, 63792560, 258682504, 8
10/14/2023 2:23:09 PM, 63792560, 258682504, 8
10/14/2023 2:23:19 PM, 63792560, 258682504, 8
10/14/2023 2:23:29 PM, 63792560, 258682504, 8
10/14/2023 2:23:39 PM, 63792600, 258682464, 8
10/14/2023 2:23:49 PM, 63792600, 258682464, 8
10/14/2023 2:23:59 PM, 63792600, 258682464, 8
10/14/2023 2:24:09 PM, 63792600, 258682464, 8
10/14/2023 2:24:19 PM, 63792600, 258682464, 8
10/14/2023 2:24:29 PM, 63792600, 258682464, 8
10/14/2023 2:24:39 PM, 63792600, 258682464, 8
10/14/2023 2:24:49 PM, 63792584, 258682480, 8
10/14/2023 2:24:59 PM, 63792584, 258682480, 8
10/14/2023 2:25:09 PM, 63792584, 258682480, 8
10/14/2023 2:25:19 PM, 63792584, 258682480, 8
10/14/2023 2:25:29 PM, 63792584, 258682480, 8
10/14/2023 2:25:39 PM, 63792584, 258682480, 8
10/14/2023 2:25:49 PM, 63792560, 258682504, 8
10/14/2023 2:25:59 PM, 63792560, 258682504, 8
10/14/2023 2:26:09 PM, 63792560, 258682504, 8
10/14/2023 2:26:19 PM, 63792560, 258682504, 8
10/14/2023 2:26:29 PM, 63792560, 258682504, 8
10/14/2023 2:26:39 PM, 63792560, 258682504, 8
10/14/2023 2:26:49 PM, 63792584, 258682480, 8
10/14/2023 2:26:59 PM, 63792584, 258682480, 8
10/14/2023 2:27:09 PM, 63792584, 258682480, 8
10/14/2023 2:27:19 PM, 63792584, 258682480, 8
10/14/2023 2:27:29 PM, 63792584, 258682480, 8
10/14/2023 2:27:39 PM, 63792584, 258682480, 8
10/14/2023 2:27:49 PM, 63792600, 258682464, 8
10/14/2023 2:27:59 PM, 63792600, 258682464, 8
10/14/2023 2:28:09 PM, 63792600, 258682464, 8
10/14/2023 2:28:19 PM, 63792600, 258682464, 8
10/14/2023 2:28:29 PM, 63792600, 258682464, 8
10/14/2023 2:28:39 PM, 63792600, 258682464, 8
10/14/2023 2:28:49 PM, 63792560, 258682504, 8
10/14/2023 2:28:59 PM, 63792560, 258682504, 8
10/14/2023 2:29:09 PM, 63792560, 258682504, 8
10/14/2023 2:29:19 PM, 63792560, 258682504, 8
10/14/2023 2:29:29 PM, 63792560, 258682504, 8
10/14/2023 2:29:40 PM, 63792560, 258682504, 8
10/14/2023 2:29:50 PM, 63792560, 258682504, 8
10/14/2023 2:30:00 PM, 63792560, 258682504, 8
10/14/2023 2:30:10 PM, 63792560, 258682504, 8
10/14/2023 2:30:20 PM, 63792560, 258682504, 8
10/14/2023 2:30:30 PM, 63792560, 258682504, 8
10/14/2023 2:30:40 PM, 63792560, 258682504, 8
10/14/2023 2:30:50 PM, 63792600, 258682464, 8
10/14/2023 2:31:00 PM, 63792600, 258682464, 8
10/14/2023 2:31:10 PM, 63792600, 258682464, 8
10/14/2023 2:31:20 PM, 63792600, 258682464, 8
10/14/2023 2:31:30 PM, 63792600, 258682464, 8
10/14/2023 2:31:40 PM, 63792600, 258682464, 8
10/14/2023 2:31:50 PM, 63792584, 258682480, 8
10/14/2023 2:32:00 PM, 63792584, 258682480, 8
10/14/2023 2:32:10 PM, 63792584, 258682480, 8
10/14/2023 2:32:20 PM, 63792584, 258682480, 8
10/14/2023 2:32:30 PM, 63792584, 258682480, 8
10/14/2023 2:32:40 PM, 63792584, 258682480, 8
10/14/2023 2:32:50 PM, 63792560, 258682504, 8
10/14/2023 2:33:00 PM, 63792560, 258682504, 8
10/14/2023 2:33:10 PM, 63792560, 258682504, 8
10/14/2023 2:33:20 PM, 63792560, 258682504, 8
10/14/2023 2:33:30 PM, 63792560, 258682504, 8
10/14/2023 2:33:40 PM, 63792560, 258682504, 8
10/14/2023 2:33:50 PM, 63792560, 258682504, 8
10/14/2023 2:34:00 PM, 63792560, 258682504, 8
10/14/2023 2:34:10 PM, 63792560, 258682504, 8
10/14/2023 2:34:20 PM, 63792560, 258682504, 8
10/14/2023 2:34:30 PM, 63792560, 258682504, 8
10/14/2023 2:34:40 PM, 63792560, 258682504, 8
10/14/2023 2:34:50 PM, 63792584, 258682480, 8
10/14/2023 2:35:00 PM, 63792584, 258682480, 8
10/14/2023 2:35:10 PM, 63792584, 258682480, 8
10/14/2023 2:35:20 PM, 63792584, 258682480, 8
10/14/2023 2:35:30 PM, 63792584, 258682480, 8
10/14/2023 2:35:40 PM, 63792584, 258682480, 8
10/14/2023 2:35:50 PM, 63792600, 258682464, 8
10/14/2023 2:36:00 PM, 63792600, 258682464, 8
10/14/2023 2:36:10 PM, 63792600, 258682464, 8
10/14/2023 2:36:20 PM, 63792600, 258682464, 8
10/14/2023 2:36:30 PM, 63792600, 258682464, 8
10/14/2023 2:36:40 PM, 63792600, 258682464, 8
10/14/2023 2:36:50 PM, 63792560, 258682504, 8
10/14/2023 2:37:00 PM, 63792560, 258682504, 8
10/14/2023 2:37:10 PM, 63792560, 258682504, 8
10/14/2023 2:37:20 PM, 63792560, 258682504, 8
10/14/2023 2:37:30 PM, 63792560, 258682504, 8
10/14/2023 2:37:40 PM, 63792560, 258682504, 8
10/14/2023 2:37:50 PM, 63792600, 258682464, 8
10/14/2023 2:38:00 PM, 63792600, 258682464, 8
10/14/2023 2:38:10 PM, 63792600, 258682464, 8
10/14/2023 2:38:20 PM, 63792600, 258682464, 8
10/14/2023 2:38:30 PM, 63792600, 258682464, 8
10/14/2023 2:38:40 PM, 63792600, 258682464, 8
10/14/2023 2:38:50 PM, 63792584, 258682480, 8
10/14/2023 2:39:00 PM, 63792584, 258682480, 8
10/14/2023 2:39:10 PM, 63792584, 258682480, 8
10/14/2023 2:39:20 PM, 63792584, 258682480, 8
10/14/2023 2:39:30 PM, 63792584, 258682480, 8
10/14/2023 2:39:40 PM, 63792584, 258682480, 8
10/14/2023 2:39:50 PM, 63792560, 258682504, 8
10/14/2023 2:40:00 PM, 63792560, 258682504, 8
10/14/2023 2:40:10 PM, 63792560, 258682504, 8
10/14/2023 2:40:20 PM, 63792560, 258682504, 8
10/14/2023 2:40:30 PM, 63792560, 258682504, 8
10/14/2023 2:40:40 PM, 63792560, 258682504, 8
10/14/2023 2:40:50 PM, 63792560, 258682504, 8
10/14/2023 2:41:00 PM, 63792560, 258682504, 8
10/14/2023 2:41:10 PM, 63792560, 258682504, 8
10/14/2023 2:41:20 PM, 63792560, 258682504, 8
10/14/2023 2:41:30 PM, 63792560, 258682504, 8
10/14/2023 2:41:40 PM, 63792560, 258682504, 8
10/14/2023 2:41:50 PM, 63792584, 258682480, 8
10/14/2023 2:42:00 PM, 63792584, 258682480, 8
10/14/2023 2:42:10 PM, 63792584, 258682480, 8
10/14/2023 2:42:20 PM, 63792584, 258682480, 8
10/14/2023 2:42:31 PM, 63792584, 258682480, 8
10/14/2023 2:42:41 PM, 63792584, 258682480, 8
10/14/2023 2:42:51 PM, 63792600, 258682464, 8
10/14/2023 2:43:01 PM, 63792600, 258682464, 8
10/14/2023 2:43:11 PM, 63792600, 258682464, 8
10/14/2023 2:43:21 PM, 63792600, 258682464, 8
10/14/2023 2:43:31 PM, 63792600, 258682464, 8
10/14/2023 2:43:41 PM, 63792600, 258682464, 8
10/14/2023 2:43:51 PM, 63792560, 258682504, 8
10/14/2023 2:44:01 PM, 63792560, 258682504, 8
10/14/2023 2:44:11 PM, 63792560, 258682504, 8
10/14/2023 2:44:21 PM, 63792560, 258682504, 8
10/14/2023 2:44:31 PM, 63792560, 258682504, 8
10/14/2023 2:44:41 PM, 63792560, 258682504, 8
10/14/2023 2:44:51 PM, 63792560, 258682504, 8
10/14/2023 2:45:01 PM, 63792560, 258682504, 8
10/14/2023 2:45:11 PM, 63792560, 258682504, 8
10/14/2023 2:45:21 PM, 63792560, 258682504, 8
10/14/2023 2:45:31 PM, 63792560, 258682504, 8
10/14/2023 2:45:41 PM, 63792560, 258682504, 8
10/14/2023 2:45:51 PM, 63792600, 258682464, 8
10/14/2023 2:46:01 PM, 63792600, 258682464, 8
10/14/2023 2:46:11 PM, 63792600, 258682464, 8
10/14/2023 2:46:21 PM, 63792600, 258682464, 8
10/14/2023 2:46:31 PM, 63792600, 258682464, 8
10/14/2023 2:46:41 PM, 63792600, 258682464, 8
10/14/2023 2:46:51 PM, 63792584, 258682480, 8
10/14/2023 2:47:01 PM, 63792584, 258682480, 8
10/14/2023 2:47:11 PM, 63792584, 258682480, 8
10/14/2023 2:47:21 PM, 63792584, 258682480, 8
10/14/2023 2:47:31 PM, 63792584, 258682480, 8
10/14/2023 2:47:41 PM, 63792584, 258682480, 8
10/14/2023 2:47:51 PM, 63792560, 258682504, 8
10/14/2023 2:48:01 PM, 63792560, 258682504, 8
10/14/2023 2:48:11 PM, 63792560, 258682504, 8
10/14/2023 2:48:21 PM, 63792560, 258682504, 8
10/14/2023 2:48:31 PM, 63792560, 258682504, 8
10/14/2023 2:48:41 PM, 63792560, 258682504, 8
10/14/2023 2:48:51 PM, 63792584, 258682480, 8
10/14/2023 2:49:01 PM, 63792584, 258682480, 8
10/14/2023 2:49:11 PM, 63792584, 258682480, 8
10/14/2023 2:49:21 PM, 63792584, 258682480, 8
10/14/2023 2:49:31 PM, 63792584, 258682480, 8
10/14/2023 2:49:41 PM, 63792584, 258682480, 8
10/14/2023 2:49:51 PM, 63792584, 258682480, 8
10/14/2023 2:50:01 PM, 63792600, 258682464, 8
10/14/2023 2:50:11 PM, 63792600, 258682464, 8
10/14/2023 2:50:21 PM, 63792600, 258682464, 8
10/14/2023 2:50:31 PM, 63792600, 258682464, 8
10/14/2023 2:50:41 PM, 63792600, 258682464, 8
10/14/2023 2:50:51 PM, 63792600, 258682464, 8
10/14/2023 2:51:01 PM, 63792560, 258682504, 8
10/14/2023 2:51:11 PM, 63792560, 258682504, 8
10/14/2023 2:51:21 PM, 63792560, 258682504, 8
10/14/2023 2:51:31 PM, 63792560, 258682504, 8
10/14/2023 2:51:41 PM, 63792560, 258682504, 8
10/14/2023 2:51:51 PM, 63792560, 258682504, 8
10/14/2023 2:52:01 PM, 63792560, 258682504, 8
10/14/2023 2:52:11 PM, 63792560, 258682504, 8
10/14/2023 2:52:21 PM, 63792560, 258682504, 8
10/14/2023 2:52:31 PM, 63792560, 258682504, 8
10/14/2023 2:52:41 PM, 63792560, 258682504, 8
10/14/2023 2:52:51 PM, 63792560, 258682504, 8
10/14/2023 2:53:01 PM, 63792600, 258682464, 8
10/14/2023 2:53:11 PM, 63792600, 258682464, 8
10/14/2023 2:53:21 PM, 63792600, 258682464, 8
10/14/2023 2:53:31 PM, 63792600, 258682464, 8
10/14/2023 2:53:41 PM, 63792600, 258682464, 8
10/14/2023 2:53:51 PM, 63792600, 258682464, 8
10/14/2023 2:54:01 PM, 63792584, 258682480, 8
10/14/2023 2:54:11 PM, 63792584, 258682480, 8
10/14/2023 2:54:21 PM, 63792584, 258682480, 8
10/14/2023 2:54:31 PM, 63792584, 258682480, 8
10/14/2023 2:54:41 PM, 63792584, 258682480, 8
10/14/2023 2:54:51 PM, 63792584, 258682480, 8
10/14/2023 2:55:01 PM, 63792560, 258682504, 8
10/14/2023 2:55:11 PM, 63792560, 258682504, 8
10/14/2023 2:55:22 PM, 63792560, 258682504, 8
10/14/2023 2:55:32 PM, 63792560, 258682504, 8
10/14/2023 2:55:42 PM, 63792560, 258682504, 8
10/14/2023 2:55:52 PM, 63792560, 258682504, 8
10/14/2023 2:56:02 PM, 63792560, 258682504, 8
10/14/2023 2:56:12 PM, 63792560, 258682504, 8
10/14/2023 2:56:22 PM, 63792560, 258682504, 8
10/14/2023 2:56:32 PM, 63792560, 258682504, 8
10/14/2023 2:56:42 PM, 63792560, 258682504, 8
10/14/2023 2:56:52 PM, 63792560, 258682504, 8
10/14/2023 2:57:02 PM, 63792584, 258682480, 8
10/14/2023 2:57:12 PM, 63792584, 258682480, 8
10/14/2023 2:57:22 PM, 63792584, 258682480, 8
10/14/2023 2:57:32 PM, 63792584, 258682480, 8
10/14/2023 2:57:42 PM, 63792584, 258682480, 8
10/14/2023 2:57:52 PM, 63792584, 258682480, 8
10/14/2023 2:58:02 PM, 63792600, 258682464, 8
10/14/2023 2:58:12 PM, 63792600, 258682464, 8
10/14/2023 2:58:22 PM, 63792600, 258682464, 8
10/14/2023 2:58:32 PM, 63792600, 258682464, 8
10/14/2023 2:58:42 PM, 63792600, 258682464, 8
10/14/2023 2:58:52 PM, 63792600, 258682464, 8
10/14/2023 2:59:02 PM, 63792560, 258682504, 8
10/14/2023 2:59:12 PM, 63792560, 258682504, 8
10/14/2023 2:59:22 PM, 63792560, 258682504, 8
10/14/2023 2:59:32 PM, 63792560, 258682504, 8
10/14/2023 2:59:42 PM, 63792560, 258682504, 8
10/14/2023 2:59:52 PM, 63792560, 258682504, 8
10/14/2023 3:00:02 PM, 63792600, 258682464, 8
10/14/2023 3:00:12 PM, 63792600, 258682464, 8
10/14/2023 3:00:22 PM, 63792600, 258682464, 8
10/14/2023 3:00:32 PM, 63792600, 258682464, 8
10/14/2023 3:00:42 PM, 63792600, 258682464, 8
10/14/2023 3:00:52 PM, 63792600, 258682464, 8
10/14/2023 3:01:02 PM, 63792584, 258682480, 8
10/14/2023 3:01:12 PM, 63792584, 258682480, 8
10/14/2023 3:01:22 PM, 63792584, 258682480, 8
10/14/2023 3:01:32 PM, 63792584, 258682480, 8
10/14/2023 3:01:42 PM, 63792584, 258682480, 8
10/14/2023 3:01:52 PM, 63792584, 258682480, 8
10/14/2023 3:02:02 PM, 63792560, 258682504, 8
10/14/2023 3:02:12 PM, 63792560, 258682504, 8
10/14/2023 3:02:22 PM, 63792560, 258682504, 8
10/14/2023 3:02:32 PM, 63792560, 258682504, 8
10/14/2023 3:02:42 PM, 63792560, 258682504, 8
10/14/2023 3:02:52 PM, 63792560, 258682504, 8
10/14/2023 3:03:02 PM, 63792560, 258682504, 8
10/14/2023 3:03:12 PM, 63792560, 258682504, 8
10/14/2023 3:03:22 PM, 63792560, 258682504, 8
10/14/2023 3:03:32 PM, 63792560, 258682504, 8
10/14/2023 3:03:42 PM, 63792560, 258682504, 8
10/14/2023 3:03:52 PM, 63792560, 258682504, 8
10/14/2023 3:04:02 PM, 63792584, 258682480, 8
10/14/2023 3:04:12 PM, 63792584, 258682480, 8
10/14/2023 3:04:22 PM, 63792584, 258682480, 8
10/14/2023 3:04:32 PM, 63792584, 258682480, 8
10/14/2023 3:04:42 PM, 63792584, 258682480, 8
10/14/2023 3:04:52 PM, 63792584, 258682480, 8
10/14/2023 3:05:02 PM, 63792600, 258682464, 8
10/14/2023 3:05:12 PM, 63792600, 258682464, 8
10/14/2023 3:05:22 PM, 63792600, 258682464, 8
10/14/2023 3:05:32 PM, 63792600, 258682464, 8
10/14/2023 3:05:42 PM, 63792600, 258682464, 8
10/14/2023 3:05:52 PM, 63792600, 258682464, 8
10/14/2023 3:06:02 PM, 63792560, 258682504, 8
10/14/2023 3:06:12 PM, 63792560, 258682504, 8
10/14/2023 3:06:22 PM, 63792560, 258682504, 8
10/14/2023 3:06:32 PM, 63792560, 258682504, 8
10/14/2023 3:06:42 PM, 63792560, 258682504, 8
10/14/2023 3:06:52 PM, 63792560, 258682504, 8
10/14/2023 3:07:02 PM, 63792560, 258682504, 8
10/14/2023 3:07:12 PM, 63792560, 258682504, 8
10/14/2023 3:07:22 PM, 63792560, 258682504, 8
10/14/2023 3:07:32 PM, 63792560, 258682504, 8
10/14/2023 3:07:42 PM, 63792560, 258682504, 8
10/14/2023 3:07:52 PM, 63792560, 258682504, 8
10/14/2023 3:08:02 PM, 63792600, 258682464, 8
10/14/2023 3:08:12 PM, 63792600, 258682464, 8
10/14/2023 3:08:23 PM, 63792600, 258682464, 8
10/14/2023 3:08:33 PM, 63792600, 258682464, 8
10/14/2023 3:08:43 PM, 63792600, 258682464, 8
10/14/2023 3:08:53 PM, 63792600, 258682464, 8
10/14/2023 3:09:03 PM, 63792584, 258682480, 8
10/14/2023 3:09:13 PM, 63792584, 258682480, 8
10/14/2023 3:09:23 PM, 63792584, 258682480, 8
10/14/2023 3:09:33 PM, 63792584, 258682480, 8
10/14/2023 3:09:43 PM, 63792584, 258682480, 8
10/14/2023 3:09:53 PM, 63792584, 258682480, 8
10/14/2023 3:10:03 PM, 63792560, 258682504, 8
10/14/2023 3:10:13 PM, 63792560, 258682504, 8
10/14/2023 3:10:23 PM, 63792560, 258682504, 8
10/14/2023 3:10:33 PM, 63792560, 258682504, 8
10/14/2023 3:10:43 PM, 63792560, 258682504, 8
10/14/2023 3:10:53 PM, 63792560, 258682504, 8
10/14/2023 3:11:03 PM, 63792584, 258682480, 8
10/14/2023 3:11:13 PM, 63792584, 258682480, 8
10/14/2023 3:11:23 PM, 63792584, 258682480, 8
10/14/2023 3:11:33 PM, 63792584, 258682480, 8
10/14/2023 3:11:43 PM, 63792584, 258682480, 8
10/14/2023 3:11:53 PM, 63792584, 258682480, 8
10/14/2023 3:12:03 PM, 63792600, 258682464, 8
10/14/2023 3:12:13 PM, 63792600, 258682464, 8
10/14/2023 3:12:23 PM, 63792600, 258682464, 8
10/14/2023 3:12:33 PM, 63792600, 258682464, 8
10/14/2023 3:12:43 PM, 63792600, 258682464, 8
10/14/2023 3:12:53 PM, 63792600, 258682464, 8
10/14/2023 3:13:03 PM, 63792560, 258682504, 8
10/14/2023 3:13:13 PM, 63792560, 258682504, 8
10/14/2023 3:13:23 PM, 63792560, 258682504, 8
10/14/2023 3:13:33 PM, 63792560, 258682504, 8
10/14/2023 3:13:43 PM, 63792560, 258682504, 8
10/14/2023 3:13:53 PM, 63792560, 258682504, 8
10/14/2023 3:14:03 PM, 63792560, 258682504, 8
10/14/2023 3:14:13 PM, 63792560, 258682504, 8
10/14/2023 3:14:23 PM, 63792560, 258682504, 8
10/14/2023 3:14:33 PM, 63792560, 258682504, 8
10/14/2023 3:14:43 PM, 63792560, 258682504, 8
10/14/2023 3:14:53 PM, 63792560, 258682504, 8
10/14/2023 3:15:03 PM, 63792600, 258682464, 8
10/14/2023 3:15:13 PM, 63792600, 258682464, 8
10/14/2023 3:15:23 PM, 63792600, 258682464, 8
10/14/2023 3:15:33 PM, 63792600, 258682464, 8
10/14/2023 3:15:43 PM, 63792600, 258682464, 8
10/14/2023 3:15:53 PM, 63792600, 258682464, 8
10/14/2023 3:16:03 PM, 63792584, 258682480, 8
10/14/2023 3:16:13 PM, 63792584, 258682480, 8
10/14/2023 3:16:23 PM, 63792584, 258682480, 8
10/14/2023 3:16:33 PM, 63792584, 258682480, 8
10/14/2023 3:16:43 PM, 63792584, 258682480, 8
10/14/2023 3:16:53 PM, 63792584, 258682480, 8
10/14/2023 3:17:03 PM, 63792560, 258682504, 8
10/14/2023 3:17:13 PM, 63792560, 258682504, 8
10/14/2023 3:17:23 PM, 63792560, 258682504, 8
10/14/2023 3:17:33 PM, 63792560, 258682504, 8
10/14/2023 3:17:43 PM, 63792560, 258682504, 8
10/14/2023 3:17:53 PM, 63792560, 258682504, 8
10/14/2023 3:18:03 PM, 63792560, 258682504, 8
10/14/2023 3:18:13 PM, 63792560, 258682504, 8
10/14/2023 3:18:23 PM, 63792560, 258682504, 8
10/14/2023 3:18:33 PM, 63792560, 258682504, 8
10/14/2023 3:18:43 PM, 63792560, 258682504, 8
10/14/2023 3:18:53 PM, 63792560, 258682504, 8
10/14/2023 3:19:03 PM, 63792560, 258682504, 8
10/14/2023 3:19:13 PM, 63792584, 258682480, 8
10/14/2023 3:19:23 PM, 63792584, 258682480, 8
10/14/2023 3:19:33 PM, 63792584, 258682480, 8
10/14/2023 3:19:43 PM, 63792584, 258682480, 8
10/14/2023 3:19:53 PM, 63792584, 258682480, 8
10/14/2023 3:20:03 PM, 63792584, 258682480, 8
10/14/2023 3:20:13 PM, 63792600, 258682464, 8
10/14/2023 3:20:23 PM, 63792600, 258682464, 8
10/14/2023 3:20:33 PM, 63792600, 258682464, 8
10/14/2023 3:20:43 PM, 63792600, 258682464, 8
10/14/2023 3:20:54 PM, 63792600, 258682464, 8
10/14/2023 3:21:04 PM, 63792600, 258682464, 8
10/14/2023 3:21:14 PM, 63792560, 258682504, 8
10/14/2023 3:21:24 PM, 63792560, 258682504, 8
10/14/2023 3:21:34 PM, 63792560, 258682504, 8
10/14/2023 3:21:44 PM, 63792560, 258682504, 8
10/14/2023 3:21:54 PM, 63792560, 258682504, 8
10/14/2023 3:22:04 PM, 63792560, 258682504, 8
10/14/2023 3:22:14 PM, 63792600, 258682464, 8
10/14/2023 3:22:24 PM, 63792600, 258682464, 8
10/14/2023 3:22:34 PM, 63792600, 258682464, 8
10/14/2023 3:22:44 PM, 63792600, 258682464, 8
10/14/2023 3:22:54 PM, 63792600, 258682464, 8
10/14/2023 3:23:04 PM, 63792600, 258682464, 8
10/14/2023 3:23:14 PM, 63792584, 258682480, 8
10/14/2023 3:23:24 PM, 63792584, 258682480, 8
10/14/2023 3:23:34 PM, 63792584, 258682480, 8
10/14/2023 3:23:44 PM, 63792584, 258682480, 8
10/14/2023 3:23:54 PM, 63792584, 258682480, 8
10/14/2023 3:24:04 PM, 63792584, 258682480, 8
10/14/2023 3:24:14 PM, 63792560, 258682504, 8
10/14/2023 3:24:24 PM, 63792560, 258682504, 8
10/14/2023 3:24:34 PM, 63792560, 258682504, 8
10/14/2023 3:24:44 PM, 63792560, 258682504, 8
10/14/2023 3:24:54 PM, 63792560, 258682504, 8
10/14/2023 3:25:04 PM, 63792560, 258682504, 8
10/14/2023 3:25:14 PM, 63792560, 258682504, 8
10/14/2023 3:25:24 PM, 63792560, 258682504, 8
10/14/2023 3:25:34 PM, 63792560, 258682504, 8
10/14/2023 3:25:44 PM, 63792560, 258682504, 8
10/14/2023 3:25:54 PM, 63792560, 258682504, 8
10/14/2023 3:26:04 PM, 63792560, 258682504, 8
10/14/2023 3:26:14 PM, 63792584, 258682480, 8
10/14/2023 3:26:24 PM, 63792584, 258682480, 8
10/14/2023 3:26:34 PM, 63792584, 258682480, 8
10/14/2023 3:26:44 PM, 63792584, 258682480, 8
10/14/2023 3:26:54 PM, 63792584, 258682480, 8
10/14/2023 3:27:04 PM, 63792584, 258682480, 8
10/14/2023 3:27:14 PM, 63792600, 258682464, 8
10/14/2023 3:27:24 PM, 63792600, 258682464, 8
10/14/2023 3:27:34 PM, 63792600, 258682464, 8
10/14/2023 3:27:44 PM, 63792600, 258682464, 8
10/14/2023 3:27:54 PM, 63792600, 258682464, 8
10/14/2023 3:28:04 PM, 63792600, 258682464, 8
10/14/2023 3:28:14 PM, 63792560, 258682504, 8
10/14/2023 3:28:24 PM, 63792560, 258682504, 8
10/14/2023 3:28:34 PM, 63792560, 258682504, 8
10/14/2023 3:28:44 PM, 63792560, 258682504, 8
10/14/2023 3:28:54 PM, 63792560, 258682504, 8
10/14/2023 3:29:04 PM, 63792560, 258682504, 8
10/14/2023 3:29:14 PM, 63792560, 258682504, 8
10/14/2023 3:29:24 PM, 63792560, 258682504, 8
10/14/2023 3:29:34 PM, 63792560, 258682504, 8
10/14/2023 3:29:44 PM, 63792560, 258682504, 8
10/14/2023 3:29:54 PM, 63792560, 258682504, 8
10/14/2023 3:30:04 PM, 63792560, 258682504, 8
10/14/2023 3:30:14 PM, 63792600, 258682464, 8
10/14/2023 3:30:24 PM, 63792600, 258682464, 8
10/14/2023 3:30:34 PM, 63792600, 258682464, 8
10/14/2023 3:30:44 PM, 63792600, 258682464, 8
10/14/2023 3:30:54 PM, 63792600, 258682464, 8
10/14/2023 3:31:04 PM, 63792600, 258682464, 8
10/14/2023 3:31:14 PM, 63792584, 258682480, 8
10/14/2023 3:31:24 PM, 63792584, 258682480, 8
10/14/2023 3:31:34 PM, 63792584, 258682480, 8
10/14/2023 3:31:44 PM, 63792584, 258682480, 8
10/14/2023 3:31:54 PM, 63792584, 258682480, 8
10/14/2023 3:32:04 PM, 63792584, 258682480, 8
10/14/2023 3:32:14 PM, 63792560, 258682504, 8
10/14/2023 3:32:24 PM, 63792560, 258682504, 8
10/14/2023 3:32:34 PM, 63792560, 258682504, 8
10/14/2023 3:32:44 PM, 63792560, 258682504, 8
10/14/2023 3:32:54 PM, 63792560, 258682504, 8
10/14/2023 3:33:04 PM, 63792560, 258682504, 8
10/14/2023 3:33:14 PM, 63792584, 258682480, 8
10/14/2023 3:33:24 PM, 63792584, 258682480, 8
10/14/2023 3:33:34 PM, 63792584, 258682480, 8
10/14/2023 3:33:44 PM, 63792584, 258682480, 8
10/14/2023 3:33:54 PM, 63792584, 258682480, 8
10/14/2023 3:34:04 PM, 63792584, 258682480, 8
10/14/2023 3:34:14 PM, 63792600, 258682464, 8
10/14/2023 3:34:24 PM, 63792600, 258682464, 8
10/14/2023 3:34:34 PM, 63792600, 258682464, 8
10/14/2023 3:34:44 PM, 63792600, 258682464, 8
10/14/2023 3:34:54 PM, 63792600, 258682464, 8
10/14/2023 3:35:05 PM, 63792600, 258682464, 8
10/14/2023 3:35:15 PM, 63792560, 258682504, 8
10/14/2023 3:35:25 PM, 63792560, 258682504, 8
10/14/2023 3:35:35 PM, 63792560, 258682504, 8
10/14/2023 3:35:45 PM, 63792560, 258682504, 8
10/14/2023 3:35:55 PM, 63792560, 258682504, 8
10/14/2023 3:36:05 PM, 63792560, 258682504, 8
10/14/2023 3:36:15 PM, 63792560, 258682504, 8
10/14/2023 3:36:25 PM, 63792560, 258682504, 8
10/14/2023 3:36:35 PM, 63792560, 258682504, 8
10/14/2023 3:36:45 PM, 63792560, 258682504, 8
10/14/2023 3:36:55 PM, 63792560, 258682504, 8
10/14/2023 3:37:05 PM, 63792560, 258682504, 8
10/14/2023 3:37:15 PM, 63792600, 258682464, 8
10/14/2023 3:37:25 PM, 63792600, 258682464, 8
10/14/2023 3:37:35 PM, 63792600, 258682464, 8
10/14/2023 3:37:45 PM, 63792600, 258682464, 8
10/14/2023 3:37:55 PM, 63792600, 258682464, 8
10/14/2023 3:38:05 PM, 63792600, 258682464, 8
10/14/2023 3:38:15 PM, 63792584, 258682480, 8
10/14/2023 3:38:25 PM, 63792584, 258682480, 8
10/14/2023 3:38:35 PM, 63792584, 258682480, 8
10/14/2023 3:38:45 PM, 63792584, 258682480, 8
10/14/2023 3:38:55 PM, 63792584, 258682480, 8
10/14/2023 3:39:05 PM, 63792584, 258682480, 8
10/14/2023 3:39:15 PM, 63792560, 258682504, 8
10/14/2023 3:39:25 PM, 63792560, 258682504, 8
10/14/2023 3:39:35 PM, 63792560, 258682504, 8
10/14/2023 3:39:45 PM, 63792560, 258682504, 8
10/14/2023 3:39:55 PM, 63792560, 258682504, 8
10/14/2023 3:40:05 PM, 63792560, 258682504, 8
10/14/2023 3:40:15 PM, 63792560, 258682504, 8
10/14/2023 3:40:25 PM, 63792560, 258682504, 8
10/14/2023 3:40:35 PM, 63792560, 258682504, 8
10/14/2023 3:40:45 PM, 63792560, 258682504, 8
10/14/2023 3:40:55 PM, 63792560, 258682504, 8
10/14/2023 3:41:05 PM, 63792560, 258682504, 8
10/14/2023 3:41:15 PM, 63792584, 258682480, 8
10/14/2023 3:41:25 PM, 63792584, 258682480, 8
10/14/2023 3:41:35 PM, 63792584, 258682480, 8
10/14/2023 3:41:45 PM, 63792584, 258682480, 8
10/14/2023 3:41:55 PM, 63792584, 258682480, 8
10/14/2023 3:42:05 PM, 63792584, 258682480, 8
10/14/2023 3:42:15 PM, 63792600, 258682464, 8
10/14/2023 3:42:25 PM, 63792600, 258682464, 8
10/14/2023 3:42:35 PM, 63792600, 258682464, 8
10/14/2023 3:42:45 PM, 63792600, 258682464, 8
10/14/2023 3:42:55 PM, 63792600, 258682464, 8
10/14/2023 3:43:05 PM, 63792600, 258682464, 8
10/14/2023 3:43:15 PM, 63792560, 258682504, 8
10/14/2023 3:43:25 PM, 63792560, 258682504, 8
10/14/2023 3:43:35 PM, 63792560, 258682504, 8
10/14/2023 3:43:45 PM, 63792560, 258682504, 8
10/14/2023 3:43:55 PM, 63792560, 258682504, 8
10/14/2023 3:44:05 PM, 63792560, 258682504, 8
10/14/2023 3:44:15 PM, 63792600, 258682464, 8
10/14/2023 3:44:25 PM, 63792600, 258682464, 8
10/14/2023 3:44:35 PM, 63792600, 258682464, 8
10/14/2023 3:44:45 PM, 63792600, 258682464, 8
10/14/2023 3:44:55 PM, 63792600, 258682464, 8
10/14/2023 3:45:05 PM, 63792600, 258682464, 8
10/14/2023 3:45:15 PM, 63792584, 258682480, 8
10/14/2023 3:45:25 PM, 63792584, 258682480, 8
10/14/2023 3:45:35 PM, 63792584, 258682480, 8
10/14/2023 3:45:45 PM, 63792584, 258682480, 8
10/14/2023 3:45:55 PM, 63792584, 258682480, 8
10/14/2023 3:46:05 PM, 63792584, 258682480, 8
10/14/2023 3:46:15 PM, 63792560, 258682504, 8
10/14/2023 3:46:25 PM, 63792560, 258682504, 8
10/14/2023 3:46:35 PM, 63792560, 258682504, 8
10/14/2023 3:46:45 PM, 63792560, 258682504, 8
10/14/2023 3:46:56 PM, 63792560, 258682504, 8
10/14/2023 3:47:06 PM, 63792560, 258682504, 8
10/14/2023 3:47:16 PM, 63792560, 258682504, 8
10/14/2023 3:47:26 PM, 63792560, 258682504, 8
10/14/2023 3:47:36 PM, 63792560, 258682504, 8
10/14/2023 3:47:46 PM, 63792560, 258682504, 8
10/14/2023 3:47:56 PM, 63792560, 258682504, 8
10/14/2023 3:48:06 PM, 63792584, 258682480, 8
10/14/2023 3:48:16 PM, 63792584, 258682480, 8
10/14/2023 3:48:26 PM, 63792584, 258682480, 8
10/14/2023 3:48:36 PM, 63792584, 258682480, 8
10/14/2023 3:48:46 PM, 63792584, 258682480, 8
10/14/2023 3:48:56 PM, 63792584, 258682480, 8
10/14/2023 3:49:06 PM, 63792600, 258682464, 8
10/14/2023 3:49:16 PM, 63792600, 258682464, 8
10/14/2023 3:49:26 PM, 63792600, 258682464, 8
10/14/2023 3:49:36 PM, 63792600, 258682464, 8
10/14/2023 3:49:46 PM, 63792600, 258682464, 8
10/14/2023 3:49:56 PM, 63792600, 258682464, 8
10/14/2023 3:50:06 PM, 63792560, 258682504, 8
10/14/2023 3:50:16 PM, 63792560, 258682504, 8
10/14/2023 3:50:26 PM, 63792560, 258682504, 8
10/14/2023 3:50:36 PM, 63792560, 258682504, 8
10/14/2023 3:50:46 PM, 63792560, 258682504, 8
10/14/2023 3:50:56 PM, 63792560, 258682504, 8
10/14/2023 3:51:06 PM, 63792560, 258682504, 8
10/14/2023 3:51:16 PM, 63792560, 258682504, 8
10/14/2023 3:51:26 PM, 63792560, 258682504, 8
10/14/2023 3:51:36 PM, 63792560, 258682504, 8
10/14/2023 3:51:46 PM, 63792560, 258682504, 8
10/14/2023 3:51:56 PM, 63792560, 258682504, 8
10/14/2023 3:52:06 PM, 63792600, 258682464, 8
10/14/2023 3:52:16 PM, 63792600, 258682464, 8
10/14/2023 3:52:26 PM, 63792600, 258682464, 8
10/14/2023 3:52:36 PM, 63792600, 258682464, 8
10/14/2023 3:52:46 PM, 63792600, 258682464, 8
10/14/2023 3:52:56 PM, 63792600, 258682464, 8
10/14/2023 3:53:06 PM, 63792584, 258682480, 8
10/14/2023 3:53:16 PM, 63792584, 258682480, 8
10/14/2023 3:53:26 PM, 63792584, 258682480, 8
10/14/2023 3:53:36 PM, 63792584, 258682480, 8
10/14/2023 3:53:46 PM, 63792584, 258682480, 8
10/14/2023 3:53:56 PM, 63792584, 258682480, 8
10/14/2023 3:54:06 PM, 63792560, 258682504, 8
10/14/2023 3:54:16 PM, 63792560, 258682504, 8
10/14/2023 3:54:26 PM, 63792560, 258682504, 8
10/14/2023 3:54:36 PM, 63792560, 258682504, 8
10/14/2023 3:54:46 PM, 63792560, 258682504, 8
10/14/2023 3:54:56 PM, 63792560, 258682504, 8
10/14/2023 3:55:06 PM, 63792584, 258682480, 8
10/14/2023 3:55:16 PM, 63792584, 258682480, 8
10/14/2023 3:55:26 PM, 63792584, 258682480, 8
10/14/2023 3:55:36 PM, 63792584, 258682480, 8
10/14/2023 3:55:46 PM, 63792584, 258682480, 8
10/14/2023 3:55:56 PM, 63792584, 258682480, 8
10/14/2023 3:56:06 PM, 63792600, 258682464, 8
10/14/2023 3:56:16 PM, 63792600, 258682464, 8
10/14/2023 3:56:26 PM, 63792600, 258682464, 8
10/14/2023 3:56:36 PM, 63792600, 258682464, 8
10/14/2023 3:56:46 PM, 63792600, 258682464, 8
10/14/2023 3:56:56 PM, 63792600, 258682464, 8
10/14/2023 3:57:06 PM, 63792560, 258682504, 8
10/14/2023 3:57:16 PM, 63792560, 258682504, 8
10/14/2023 3:57:26 PM, 63792560, 258682504, 8
10/14/2023 3:57:36 PM, 63792560, 258682504, 8
10/14/2023 3:57:46 PM, 63792560, 258682504, 8
10/14/2023 3:57:56 PM, 63792560, 258682504, 8
10/14/2023 3:58:06 PM, 63792560, 258682504, 8
10/14/2023 3:58:16 PM, 63792560, 258682504, 8
10/14/2023 3:58:26 PM, 63792560, 258682504, 8
10/14/2023 3:58:36 PM, 63792560, 258682504, 8
10/14/2023 3:58:46 PM, 63792560, 258682504, 8
10/14/2023 3:58:56 PM, 63792560, 258682504, 8
10/14/2023 3:59:06 PM, 63792600, 258682464, 8
10/14/2023 3:59:16 PM, 63792600, 258682464, 8
10/14/2023 3:59:26 PM, 63792600, 258682464, 8
10/14/2023 3:59:36 PM, 63792600, 258682464, 8
10/14/2023 3:59:46 PM, 63792600, 258682464, 8
10/14/2023 3:59:56 PM, 63792584, 258682480, 8
10/14/2023 4:00:07 PM, 63792584, 258682480, 8
10/14/2023 4:00:17 PM, 63792584, 258682480, 8
10/14/2023 4:00:27 PM, 63792584, 258682480, 8
10/14/2023 4:00:37 PM, 63792584, 258682480, 8
10/14/2023 4:00:47 PM, 63792584, 258682480, 8
10/14/2023 4:00:57 PM, 63792560, 258682504, 8
10/14/2023 4:01:07 PM, 63792560, 258682504, 8
10/14/2023 4:01:17 PM, 63792560, 258682504, 8
10/14/2023 4:01:27 PM, 63792560, 258682504, 8
10/14/2023 4:01:37 PM, 63792560, 258682504, 8
10/14/2023 4:01:47 PM, 63792560, 258682504, 8
10/14/2023 4:01:57 PM, 63792584, 258682480, 8
10/14/2023 4:02:07 PM, 63792584, 258682480, 8
10/14/2023 4:02:17 PM, 63792584, 258682480, 8
10/14/2023 4:02:27 PM, 63792584, 258682480, 8
10/14/2023 4:02:37 PM, 63792584, 258682480, 8
10/14/2023 4:02:47 PM, 63792584, 258682480, 8
10/14/2023 4:02:57 PM, 63792600, 258682464, 8
10/14/2023 4:03:07 PM, 63792600, 258682464, 8
10/14/2023 4:03:17 PM, 63792600, 258682464, 8
10/14/2023 4:03:27 PM, 63792600, 258682464, 8
10/14/2023 4:03:37 PM, 63792600, 258682464, 8
10/14/2023 4:03:47 PM, 63792600, 258682464, 8
10/14/2023 4:03:57 PM, 63792560, 258682504, 8
10/14/2023 4:05:05 PM, 63803048, 258682072, 8
10/14/2023 4:05:15 PM, 63802864, 258682256, 8
10/14/2023 4:05:25 PM, 63802864, 258682256, 8
10/14/2023 4:05:35 PM, 63792808, 258682256, 8
10/14/2023 4:05:45 PM, 63792808, 258682256, 8
10/14/2023 4:05:55 PM, 63792768, 258682296, 8
10/14/2023 4:06:05 PM, 63792768, 258682296, 8
10/14/2023 4:06:15 PM, 63792768, 258682296, 8
10/14/2023 4:06:25 PM, 63802824, 258682296, 8
10/14/2023 4:06:35 PM, 63802824, 258682296, 8
10/14/2023 4:06:46 PM, 63867408, 258607656, 8
10/14/2023 4:06:56 PM, 63867456, 258607608, 8
10/14/2023 4:07:06 PM, 63867456, 258607608, 8
10/14/2023 4:07:16 PM, 63867456, 258607608, 8
10/14/2023 4:07:26 PM, 63877560, 258607560, 8
10/14/2023 4:07:36 PM, 63867280, 258607784, 8
10/14/2023 4:07:46 PM, 63867280, 258607784, 8
10/14/2023 4:07:56 PM, 63867280, 258607784, 8
10/14/2023 4:08:06 PM, 63867280, 258607784, 8
10/14/2023 4:08:16 PM, 63867280, 258607784, 8
10/14/2023 4:19:52 PM, 63803096, 258682024, 8
10/14/2023 4:20:02 PM, 63802872, 258682248, 8
10/14/2023 4:20:12 PM, 63792816, 258682248, 8
10/14/2023 4:20:22 PM, 63802872, 258682248, 8
10/14/2023 4:20:32 PM, 63792816, 258682248, 8
10/14/2023 4:20:42 PM, 63802888, 258682232, 8
10/14/2023 4:20:52 PM, 63792832, 258682232, 8
10/14/2023 4:21:02 PM, 63792832, 258682232, 8
10/14/2023 4:21:12 PM, 63792832, 258682232, 8
10/14/2023 4:21:22 PM, 63792608, 258682456, 8
10/14/2023 4:21:32 PM, 63792608, 258682456, 8
10/14/2023 4:21:42 PM, 63792608, 258682456, 8
10/14/2023 4:21:52 PM, 63792608, 258682456, 8
10/14/2023 4:22:02 PM, 63792608, 258682456, 8
10/14/2023 4:22:12 PM, 63792608, 258682456, 8
10/14/2023 4:22:22 PM, 63792608, 258682456, 8
10/14/2023 4:22:32 PM, 63792608, 258682456, 8
10/14/2023 4:22:42 PM, 63792632, 258682432, 8
